City,Cloudiness,Country,Date,Humidity,Lat,Lng,Max Temp,Wind Speed
Malatya Province,0,TR,1596072190,33,38.5,38.0,297.15,5.1
Rikitea,100,PF,1596072184,85,-23.12,-134.97,295.92,6.12
Alta Floresta,0,BR,1596072452,41,-9.88,-56.09,296.34,1.87
Ilhabela,100,BR,1596072316,87,-23.78,-45.36,292.38,2.73
Grants Pass,1,US,1596072323,12,42.44,-123.33,310.15,3.6
Avarua,1,CK,1596072248,83,-21.21,-159.78,294.15,5.1
Iquique,90,CL,1596072452,67,-20.22,-70.14,289.15,2.1
Hithadhoo,96,MV,1596072452,78,-0.6,73.08,301.38,6.47
Busselton,93,AU,1596072245,100,-33.65,115.33,282.59,0.45
Raduzhny,100,RU,1596072454,85,62.1,77.47,284.56,1.8
Jamestown,90,US,1596072454,78,42.1,-79.24,295.37,2.6
Port Alfred,1,ZA,1596072454,69,-33.59,26.89,287.86,8.92
Pangnirtung,99,CA,1596072454,74,66.15,-65.71,285.61,1.55
Cabo San Lucas,40,MX,1596072256,65,22.89,-109.91,302.59,7.2
Khunti,90,IN,1596072454,94,23.08,85.28,298.15,2.6
Gushikawa,75,JP,1596072454,74,26.35,127.87,304.15,7.2
Cherskiy,16,RU,1596072455,61,68.75,161.3,282.62,7.79
Sakakah,20,SA,1596072455,12,29.97,40.21,311.15,2.6
Vaini,75,TO,1596072455,88,-21.2,-175.2,293.15,6.7
Tasiilaq,55,GL,1596072455,81,65.61,-37.64,279.15,2.1
Faanui,76,PF,1596072455,79,-16.48,-151.75,299.74,7.7
Constitución,100,CL,1596072455,70,-35.33,-72.42,282.47,1.41
Kaitangata,100,NZ,1596072455,70,-46.28,169.85,284.26,1.79
Ushuaia,20,AR,1596072212,95,-54.8,-68.3,276.15,7.7
Hermanus,69,ZA,1596072255,81,-34.42,19.23,287.11,3.96
Tuktoyaktuk,40,CA,1596072455,76,69.45,-133.04,286.15,4.6
Emerald,0,AU,1596072455,42,-23.53,148.17,293.71,7.2
Murchison,100,NZ,1596072456,70,-41.8,172.33,285.44,0.78
Ribeira Grande,53,PT,1596072456,90,38.52,-28.7,296.71,10.62
Mataura,100,NZ,1596072456,72,-46.19,168.86,286.28,1.43
Nikolskoye,2,RU,1596072456,87,59.7,30.79,286.48,3.0
Buloh Kasap,20,MY,1596072456,88,2.55,102.76,299.15,1.37
Bülach,0,CH,1596072456,77,47.52,8.54,290.15,0.5
Barrow,1,US,1596072301,75,71.29,-156.79,281.15,9.8
Souillac,40,MU,1596072456,88,-20.52,57.52,294.15,2.6
Lüderitz,0,NA,1596072278,59,-26.65,15.16,289.15,4.1
Upata,75,VE,1596072456,88,8.01,-62.4,300.37,1.34
Narsaq,98,GL,1596072456,71,60.92,-46.05,284.15,2.6
Yar-Sale,2,RU,1596072457,72,66.83,70.83,285.11,3.03
São Filipe,100,CV,1596072457,87,14.9,-24.5,298.14,3.65
Coquimbo,0,CL,1596072457,93,-29.95,-71.34,283.15,1.5
Buala,0,SB,1596072208,64,-8.14,159.59,303.34,1.12
Mishelevka,100,RU,1596072457,91,52.86,103.17,289.78,2.03
Bahawalpur,10,PK,1596072457,51,29.4,71.68,307.75,6.01
Albany,82,US,1596072457,67,42.6,-73.97,296.48,1.76
Castro,100,BR,1596072457,96,-24.79,-50.01,283.89,3.65
Baillif,17,GP,1596072457,88,16.02,-61.75,301.15,8.7
Tautira,75,PF,1596072457,69,-17.73,-149.15,301.15,8.7
Dukat,100,RU,1596072457,90,62.55,155.55,278.0,3.72
Aksu,0,CN,1596072457,33,41.12,80.26,296.92,1.25
Yellowknife,40,CA,1596072352,56,62.46,-114.35,294.15,3.6
Bluff,100,NZ,1596072255,68,-46.6,168.33,286.08,5.83
Clyde River,90,CA,1596072459,93,70.47,-68.59,278.15,5.1
Hobart,20,AU,1596072219,50,-42.88,147.33,285.15,3.6
Flin Flon,4,CA,1596072460,49,54.77,-101.86,298.54,3.27
Morehead,1,US,1596072460,100,37.27,-87.18,299.15,0.95
Turek,98,PL,1596072460,91,52.02,18.5,287.59,1.6
Kaifeng,75,CN,1596072460,78,34.79,114.35,301.15,2.0
Torbay,90,CA,1596072460,93,47.67,-52.73,285.93,2.1
Malé,75,MV,1596072460,88,4.17,73.51,301.15,5.7
Comodoro Rivadavia,0,AR,1596072230,60,-45.87,-67.5,278.15,2.1
Ancud,100,CL,1596072460,93,-41.87,-73.82,279.26,1.5
Saint-Philippe,16,RE,1596072461,77,-21.36,55.77,292.15,2.6
Nguru,35,NG,1596072461,60,12.88,10.45,301.41,6.21
Thompson,20,CA,1596072280,56,55.74,-97.86,296.15,2.1
Hong Kong,100,HK,1596072313,74,22.29,114.16,304.82,3.58
Kapaa,40,US,1596072461,65,22.08,-159.32,301.15,7.2
Severo-Kuril'sk,74,RU,1596072461,78,50.68,156.12,287.15,6.5
Río Gallegos,29,AR,1596072461,86,-51.62,-69.22,274.15,2.6
Puerto Peñasco,0,MX,1596072212,78,31.32,-113.53,304.26,3.58
Khovd,14,MN,1596072175,39,48.01,91.64,292.7,2.86
Sainte-Maxime,0,FR,1596072461,94,43.3,6.63,295.93,1.28
Inza,17,RU,1596072461,69,53.85,46.36,289.19,3.19
Naze,20,JP,1596072308,75,28.37,129.48,305.15,3.6
Impfondo,92,CG,1596072462,92,1.64,18.07,293.9,0.98
Garmisch-Partenkirchen,0,DE,1596072462,93,47.49,11.1,290.15,0.5
Koregaon,100,IN,1596072462,89,18.65,74.08,297.07,1.79
Murgab,0,TM,1596072462,46,37.5,61.97,295.15,2.1
Gigmoto,100,PH,1596072462,76,13.78,124.39,301.67,3.83
Portland,20,US,1596072185,26,45.52,-122.68,307.59,3.1
New Norfolk,46,AU,1596072463,70,-42.78,147.06,283.71,1.34
Kovdor,52,RU,1596072463,73,67.57,30.48,282.26,3.58
Manaus,7,BR,1596072463,58,-3.1,-60.02,302.15,2.1
Khatanga,100,RU,1596072245,56,71.97,102.5,290.27,5.82
Ponta do Sol,40,PT,1596072319,60,32.67,-17.1,295.15,4.6
Kochi,90,IN,1596072463,94,9.94,76.26,297.15,2.1
Kavieng,5,PG,1596072464,69,-2.57,150.8,302.17,2.17
Kununurra,0,AU,1596072281,20,-15.77,128.73,298.15,6.2
Punta Arenas,96,CL,1596072205,86,-53.15,-70.92,276.15,6.2
Matamoros,75,MX,1596072465,51,25.53,-103.25,302.15,4.6
Wollongong,0,AU,1596072247,69,-34.43,150.88,290.37,0.89
Muroto-misakicho,75,JP,1596072465,79,33.28,134.15,302.15,2.1
Provideniya,90,RU,1596072465,93,64.38,-173.3,283.15,3.0
Cape Town,40,ZA,1596072244,93,-33.93,18.42,285.93,3.1
Killybegs,100,IE,1596072466,95,54.63,-8.45,288.15,2.24
Puerto Ayora,99,EC,1596072466,91,-0.74,-90.35,292.59,0.45
George Town,20,MY,1596072312,78,5.41,100.34,302.15,2.6
Puerto Quijarro,7,BO,1596072467,57,-17.78,-57.77,288.98,2.9
Bredasdorp,94,ZA,1596072467,76,-34.53,20.04,287.15,4.6
Bontang,100,ID,1596072468,82,0.13,117.5,299.16,4.64
Xining,100,CN,1596072469,68,36.62,101.77,288.56,0.74
Polunochnoye,97,RU,1596072469,100,60.87,60.42,285.32,0.66
Emba,97,KZ,1596072469,33,48.83,58.14,296.3,1.88
Chimbote,7,PE,1596072469,88,-9.09,-78.58,288.18,2.97
Nālūt,0,LY,1596072470,40,30.33,10.85,297.62,6.9
Margate,57,GB,1596072470,67,51.38,1.39,290.37,3.31
Monrovia,75,LR,1596072470,94,6.3,-10.8,297.15,4.54
Atuona,3,PF,1596072470,74,-9.8,-139.03,299.44,9.18
Givors,0,FR,1596072283,46,45.58,4.77,295.15,0.5
Namatanai,15,PG,1596072472,66,-3.67,152.43,303.01,2.22
Husavik,10,IS,1596072472,93,66.04,-17.34,278.15,1.5
Havre-St-Pierre,90,CA,1596072472,100,50.23,-63.6,287.15,5.1
Laguna,1,US,1596072331,24,38.42,-121.42,308.15,3.1
Lagoa,56,PT,1596072472,91,39.05,-27.98,296.49,12.61
Haines Junction,9,CA,1596072473,39,60.75,-137.51,296.68,0.81
Ulladulla,20,AU,1596072473,62,-35.35,150.47,288.71,3.6
Saskylakh,0,RU,1596072473,59,71.92,114.08,287.54,1.48
Udachny,100,RU,1596072473,62,66.42,112.4,288.15,2.0
Saldanha,0,ZA,1596072473,87,-33.01,17.94,281.15,0.5
Airai,100,TL,1596072269,36,-8.93,125.41,293.19,1.82
Assiniboia,16,CA,1596072473,44,49.63,-105.98,300.93,7.27
Yulara,0,AU,1596072474,27,-25.24,130.99,290.15,6.7
Sitka,1,US,1596072474,64,57.05,-135.33,293.15,1.5
Kruisfontein,0,ZA,1596072179,73,-34.0,24.73,285.93,1.34
Bengkulu,95,ID,1596072475,85,-3.8,102.27,297.58,1.69
Arraial do Cabo,100,BR,1596072467,83,-22.97,-42.03,294.86,6.16
Holstebro,93,DK,1596072476,93,56.36,8.62,285.37,4.6
Leningradskiy,27,RU,1596072476,72,69.38,178.42,279.36,6.71
Tiksi,100,RU,1596072476,86,71.69,128.87,277.64,3.78
Chernyshevskiy,0,RU,1596072476,56,63.01,112.47,289.6,4.18
French Harbor,100,HN,1596072476,80,16.35,-86.43,302.08,10.65
Hambantota,75,LK,1596072202,100,6.12,81.12,297.15,3.1
Pisco,90,PE,1596072476,82,-13.7,-76.22,289.15,4.6
Omboué,100,GA,1596072476,79,-1.57,9.26,296.23,3.65
Carnarvon,0,AU,1596072284,55,-24.87,113.63,290.15,1.5
Bay Roberts,100,CA,1596072476,7,47.6,-53.26,287.59,2.09
Muhororo,4,UG,1596072477,87,0.94,30.76,290.07,0.41
Okhotsk,100,RU,1596072477,89,59.38,143.3,286.43,4.99
Upernavik,20,GL,1596072477,85,72.79,-56.15,279.19,2.46
Peterhead,75,GB,1596072477,87,57.51,-1.8,282.59,3.1
Shestakovo,78,RU,1596072477,76,56.49,103.96,290.05,2.34
Nuuk,100,GL,1596072477,93,64.18,-51.72,281.15,1.0
Daru,91,PG,1596072477,83,-9.08,143.21,298.1,7.31
Mareeba,0,AU,1596072477,41,-17.0,145.43,298.15,8.2
Esperance,0,AU,1596072477,81,-33.87,121.9,284.15,7.7
Saint Paul Harbor,1,US,1596072477,59,57.79,-152.41,292.15,6.2
Birin,90,NP,1596072477,94,26.89,88.07,299.15,1.0
Vyazemskiy,0,RU,1596072478,63,47.54,134.75,300.59,3.46
Longyearbyen,40,SJ,1596072478,76,78.22,15.64,285.15,1.0
Zyryanka,96,RU,1596072479,50,65.75,150.85,285.26,7.0
Qasigiannguit,16,GL,1596072479,81,68.82,-51.19,280.15,2.6
Ilulissat,71,GL,1596072479,81,69.22,-51.1,280.15,2.6
Thunder Bay,75,CA,1596072251,60,48.4,-89.32,295.15,2.1
Billings Metropolitan Area,75,US,1596072390,32,45.78,-108.5,303.71,2.6
Mar del Plata,0,AR,1596072479,93,-38.0,-57.56,282.04,1.0
Sharjah city,100,AE,1596072233,59,25.36,55.4,308.15,2.1
Bonfim,76,BR,1596072480,69,3.08,-59.95,298.75,0.4
Borogontsy,0,RU,1596072482,38,62.67,131.17,293.19,2.02
Bilibino,1,RU,1596072482,37,68.05,166.44,287.24,3.74
Wasilla,1,US,1596072428,56,61.58,-149.44,297.59,1.6
Hilo,90,US,1596072483,65,19.73,-155.09,301.15,5.1
Brae,100,GB,1596072303,93,60.4,-1.35,284.15,7.2
Riohacha,62,CO,1596072484,78,11.54,-72.91,300.77,6.0
Birobidzhan,0,RU,1596072484,68,48.8,132.95,300.77,2.39
Saint Anthony,1,US,1596072491,47,45.02,-93.22,299.82,3.6
East London,0,ZA,1596072491,65,-33.02,27.91,288.4,6.18
North Platte,75,US,1596072491,57,41.12,-100.77,300.15,6.2
Burnie,19,AU,1596072491,51,-41.07,145.92,285.37,4.47
Rosetta,40,EG,1596072494,78,31.4,30.42,299.15,3.1
Marawi,100,PH,1596072494,82,8.0,124.29,300.37,1.34
Batemans Bay,4,AU,1596072494,74,-35.72,150.18,289.26,1.78
São José da Coroa Grande,5,BR,1596072494,77,-8.9,-35.15,296.79,5.87
Severo-Yeniseyskiy,99,RU,1596072494,81,60.37,93.04,289.95,2.38
Butaritari,0,KI,1596072494,73,3.07,172.79,301.43,7.04
Madang,13,PG,1596072494,65,-5.22,145.8,302.55,1.34
Bayjī,0,IQ,1596072494,15,34.93,43.49,307.54,3.61
Ouadda,95,CF,1596072494,94,8.08,22.4,292.06,1.77
Ngunguru,100,NZ,1596072494,3,-35.62,174.5,288.71,4.92
Iqaluit,40,CA,1596072495,63,63.75,-68.51,290.15,4.1
Grand Gaube,46,MU,1596072495,83,-20.01,57.66,293.15,0.89
Wangkui,97,CN,1596072495,84,46.83,126.5,295.73,2.21
Karakol,3,KG,1596072495,68,42.49,78.39,285.58,0.72
Fuling,0,CN,1596072495,68,29.7,107.39,301.28,0.36
Fort Saint James,100,CA,1596072501,35,54.43,-124.25,296.87,0.87
Port Elizabeth,20,ZA,1596072501,72,-33.92,25.57,288.15,7.2
Vallenar,75,CL,1596072502,35,-28.57,-70.76,290.9,1.66
Sabang,100,ID,1596072502,72,5.89,95.32,301.49,4.23
Tevaitoa,89,PF,1596072502,77,-16.78,-151.5,300.1,7.98
Ballina,48,AU,1596072502,63,-28.87,153.57,293.15,5.7
Luganville,75,VU,1596072504,70,-15.53,167.17,302.15,2.1
Ust-Tsilma,0,RU,1596072504,74,65.44,52.15,281.42,1.95
Bikin,0,RU,1596072505,62,46.82,134.26,299.56,2.78
Los Llanos de Aridane,75,ES,1596072505,88,28.66,-17.92,295.15,7.7
Qaanaaq,0,GL,1596072508,68,77.48,-69.36,278.42,0.66
Petrolina,0,BR,1596072508,70,-9.4,-40.5,295.14,7.82
Ahipara,100,NZ,1596072511,77,-35.17,173.17,288.45,5.72
Sola,90,VU,1596072511,94,-13.88,167.55,299.15,9.02
Touros,40,BR,1596072511,88,-5.2,-35.46,296.15,4.1
Huanren,97,CN,1596072511,78,41.26,125.37,297.66,2.11
Lavrentiya,100,RU,1596072511,83,65.58,-171.0,282.15,3.05
Lebu,100,CL,1596072511,74,-37.62,-73.65,280.35,1.99
San Patricio,90,MX,1596072282,100,19.22,-104.7,299.15,1.23
San Vicente,0,AR,1596072512,88,-26.62,-54.13,278.37,2.44
Talnakh,44,RU,1596072512,59,69.49,88.4,290.15,5.0
Pandan,100,PH,1596072514,79,14.05,124.17,301.39,3.57
Eyl,0,SO,1596072514,73,7.98,49.82,298.66,7.55
Vao,99,NC,1596072514,86,-22.67,167.48,295.56,10.58
Port Lincoln,0,AU,1596072514,72,-34.73,135.87,287.22,1.73
Ca Mau,100,VN,1596072521,78,9.18,105.15,301.7,3.16
Quatre Cocos,40,MU,1596072521,88,-20.21,57.76,294.15,2.6
Codrington,15,AU,1596072521,76,-38.27,141.97,285.02,2.89
Merta,9,IN,1596072295,60,26.65,74.03,303.13,3.08
Novopokrovka,98,UA,1596072521,60,49.84,36.55,294.15,2.66
Guía de Isora,0,ES,1596072521,68,28.21,-16.78,295.93,6.2
Bethel,1,US,1596072521,74,41.37,-73.41,299.15,3.1
Polasara,85,IN,1596072521,84,19.7,84.82,300.33,0.6
Skibbereen,75,IE,1596072522,93,51.55,-9.27,288.15,7.2
Pemba,20,MZ,1596072522,83,-12.97,40.52,294.15,5.1
Vardø,72,NO,1596072304,86,70.37,31.11,284.91,8.77
Yabrūd,0,SY,1596072523,61,33.97,36.66,298.15,4.1
Nishihara,75,JP,1596072523,74,26.18,127.76,304.15,5.7
Karapyshi,92,UA,1596072524,94,49.64,30.79,291.82,3.73
Vostok,0,RU,1596072524,56,46.49,135.88,298.7,2.02
Kaduqli,85,SD,1596072524,95,11.02,29.72,294.49,2.04
Jaciara,1,BR,1596072524,55,-15.97,-54.97,295.46,3.01
Bahía Honda,3,CU,1596072524,86,22.9,-83.16,299.99,4.74
Palmer,75,US,1596072525,54,42.16,-72.33,301.15,3.1
Wajima,75,JP,1596072525,88,37.4,136.9,298.15,3.6
Kirakira,100,SB,1596072525,83,-10.45,161.92,299.41,1.82
Necochea,100,AR,1596072526,88,-38.55,-58.74,275.93,1.79
Ostrovnoy,11,RU,1596072526,91,68.05,39.51,282.18,5.3
Aksarka,100,RU,1596072526,83,66.56,67.8,283.27,3.5
Mahébourg,40,MU,1596072526,88,-20.41,57.7,294.15,2.6
Lorengau,43,PG,1596072527,63,-2.02,147.27,303.0,2.77
Paciran,0,ID,1596072527,69,-6.88,112.38,297.82,4.05
Yining,100,CN,1596072527,79,29.04,114.56,301.95,0.41
Saposoa,0,PE,1596072528,90,-6.93,-76.77,294.76,1.6
Padang,40,ID,1596072260,94,-0.95,100.35,298.15,1.5
Pyaozerskiy,98,RU,1596072528,77,65.83,31.17,285.69,5.77
Lakatoro,75,VU,1596072530,70,-16.1,167.42,302.15,2.1
Mayumba,100,GA,1596072530,85,-3.43,10.66,294.92,3.01
Mandalgovi,0,MN,1596072531,63,45.76,106.27,292.22,2.36
Zapolyarnyy,0,RU,1596072531,76,69.42,30.81,285.15,8.7
Onokhoy,75,RU,1596072531,77,51.93,108.07,293.15,4.0
Butiama,72,TZ,1596072531,84,-1.77,33.97,290.47,0.89
Fare,99,PF,1596072531,78,-16.7,-151.02,299.83,8.33
Pevek,100,RU,1596072270,94,69.7,170.31,275.89,2.8
Saint George,1,US,1596072532,7,37.1,-113.58,313.71,6.2
Bloomfield,1,US,1596072532,45,40.81,-74.19,302.59,2.45
Baruun-Urt,100,MN,1596072532,78,46.68,113.28,291.29,4.35
Quryq,0,KZ,1596072532,71,43.2,51.65,293.19,5.34
Palomares,100,MX,1596072532,89,17.15,-95.07,298.52,1.8
Port Blair,100,IN,1596072532,83,11.67,92.75,300.13,6.71
Cayenne,55,GF,1596072533,83,4.93,-52.33,300.15,1.5
Baykit,100,RU,1596072533,82,61.67,96.37,288.0,3.51
Mwinilunga,0,ZM,1596072534,57,-11.74,24.43,283.97,1.89
Labuhan,0,ID,1596072534,68,-6.88,112.21,297.91,4.61
Ankazoabo,17,MG,1596072534,85,-22.28,44.52,287.81,2.34
Ulaangom,58,MN,1596072535,55,49.98,92.07,292.56,1.41
Poya,16,NC,1596072535,69,-21.35,165.15,299.08,2.99
Thanh Hoa,0,VN,1596072535,69,19.8,105.77,303.28,1.32
Ampanihy,21,MG,1596072535,93,-24.7,44.75,288.89,2.41
Tuatapere,100,NZ,1596072535,69,-46.13,167.68,286.25,4.22
Chui,0,UY,1596072536,85,-33.7,-53.46,278.99,0.97
Anamur,0,TR,1596072536,78,36.08,32.84,295.15,2.1
Flinders,1,AU,1596072536,61,-34.58,150.86,290.37,1.34
Calama,0,CL,1596072537,5,-22.47,-68.93,282.15,3.6
Chunoyar,100,RU,1596072537,74,57.45,97.32,292.44,2.96
Homer,1,US,1596072537,63,59.64,-151.55,292.04,6.7
Saint-François,0,FR,1596072537,63,46.42,3.91,289.82,1.82
Maraã,37,BR,1596072538,77,-1.83,-65.37,297.83,0.92
Saint-Pierre,50,RE,1596072538,77,-21.34,55.48,292.15,2.6
Bathsheba,40,BB,1596072538,83,13.22,-59.52,301.15,6.7
Hobyo,42,SO,1596072538,81,5.35,48.53,298.48,9.59
Roseau,9,DM,1596072538,82,15.3,-61.39,300.67,8.58
Buraidah,0,SA,1596072538,36,26.33,43.98,306.15,2.23
Kyabé,100,TD,1596072538,93,9.45,18.94,293.88,1.43
Stokmarknes,96,NO,1596072540,68,68.56,14.91,290.93,2.24
Kavaratti,100,IN,1596072540,78,10.57,72.64,301.19,7.37
Alofi,52,NU,1596072540,57,-19.06,-169.92,298.15,9.3
Jumla,99,NP,1596072540,71,29.27,82.18,289.78,0.81
Belfast,100,GB,1596072463,100,54.58,-5.93,286.48,4.6
Csengőd,16,HU,1596072541,78,46.72,19.27,295.93,1.89
Vila Velha,16,BR,1596072428,83,-20.33,-40.29,295.93,2.6
Marfino,75,RU,1596072541,93,55.7,37.38,291.15,2.0
Pauini,74,BR,1596072541,57,-7.71,-66.98,300.13,0.98
Raufoss,1,NO,1596072541,97,60.73,10.62,283.15,0.45
George Town,20,MY,1596072312,78,5.41,100.34,302.15,2.6
Rundu,0,NA,1596072313,46,-17.93,19.77,283.21,2.52
Meulaboh,95,ID,1596072541,74,4.14,96.13,299.04,1.84
Samarai,100,PG,1596072542,81,-10.62,150.67,298.05,6.79
Band,40,RO,1596072542,93,46.58,24.38,290.37,2.1
Rome,40,US,1596072542,88,43.21,-75.46,294.15,1.95
Skala Fourkas,0,GR,1596072542,52,40.0,23.38,299.82,0.61
Hasaki,75,JP,1596072542,100,35.73,140.83,297.04,4.1
Lima,90,PE,1596072268,77,-12.04,-77.03,289.15,3.6
Kindersley,20,CA,1596072545,61,51.47,-109.17,301.15,5.1
Solnechnyy,52,RU,1596072545,66,50.72,136.63,301.41,1.36
Gragnano,0,IT,1596072545,65,40.7,14.51,298.71,0.5
Columbus,40,US,1596072393,48,39.96,-83.0,302.59,2.6
Norman Wells,75,CA,1596072545,68,65.28,-126.83,291.15,6.7
Viedma,72,AR,1596072545,72,-40.81,-63.0,277.59,0.89
Cidreira,86,BR,1596072545,71,-30.18,-50.21,282.33,0.96
Quzhou,97,CN,1596072546,78,28.96,118.87,301.75,2.14
Ayan,97,RU,1596072546,95,56.45,138.17,288.66,4.71
Aloleng,100,PH,1596072287,84,16.13,119.78,299.71,5.18
Coralville,1,US,1596072329,78,41.68,-91.58,301.15,2.1
Ustka,31,PL,1596072546,80,54.58,16.86,287.48,7.33
Batagay,0,RU,1596072547,46,67.63,134.63,287.45,3.61
Kalianget,0,ID,1596072547,60,-7.05,113.93,299.39,2.72
Hokota,75,JP,1596072547,77,36.15,140.52,297.15,2.6
Fukuechō,75,JP,1596072547,94,32.69,128.84,301.15,4.6
Hamilton,40,US,1596072547,54,39.18,-84.53,302.04,0.69
Koungou,75,YT,1596072548,83,-12.73,45.2,298.15,7.7
Nha Trang,20,VN,1596072548,62,12.25,109.18,305.15,0.5
São Gabriel da Cachoeira,19,BR,1596072549,93,-0.13,-67.09,296.61,0.88
Juuru,72,EE,1596072549,93,59.06,24.96,285.15,3.6
Bambous Virieux,40,MU,1596072525,88,-20.34,57.76,294.15,2.6
Lompoc,9,US,1596072549,77,34.64,-120.46,292.04,6.2
Mayna,0,RU,1596072549,72,54.11,47.62,288.87,3.31
Karratha,0,AU,1596072549,23,-20.74,116.85,295.27,6.06
Nyurba,98,RU,1596072549,60,63.28,118.33,289.43,2.24
Kargasok,87,RU,1596072549,88,59.06,80.86,286.17,5.26
Kiama,1,AU,1596072549,61,-34.68,150.87,290.37,1.34
Zakamensk,24,RU,1596072550,77,50.37,103.29,290.58,1.01
Praia,75,CV,1596072550,78,14.92,-23.51,300.15,3.1
Pingliang,9,CN,1596072551,58,35.54,106.69,296.16,1.78
Yerbogachën,100,RU,1596072551,68,61.28,108.01,288.96,5.04
Inhambane,0,MZ,1596072551,79,-23.86,35.38,289.84,2.23
San Fernando del Valle de Catamarca,40,AR,1596072551,56,-28.47,-65.79,277.04,0.89
Mauguio,0,FR,1596072551,88,43.62,4.01,296.15,2.1
Shache,0,CN,1596072552,23,38.42,77.24,298.6,3.15
Vicuña,0,CL,1596072552,93,-30.03,-70.71,283.15,1.5
Berezanka,0,UA,1596072553,64,46.85,31.39,296.17,2.72
Deputatsky,78,RU,1596072553,59,69.3,139.9,281.36,3.65
Freetown,100,SL,1596072554,87,8.48,-13.23,297.54,5.35
Dikson,100,RU,1596072555,76,73.51,80.55,282.98,2.85
San Felipe,99,VE,1596072555,92,10.34,-68.74,296.53,0.87
Puerto Escondido,100,MX,1596072555,74,15.85,-97.07,301.25,1.52
Gijang,75,KR,1596072556,83,35.24,129.21,301.15,4.6
Ambilobe,35,MG,1596072556,84,-13.2,49.05,292.29,1.89
College,75,US,1596072557,56,64.86,-147.8,293.15,1.96
Reoti,100,IN,1596072557,77,25.85,84.38,301.38,1.89
Altamont,1,US,1596072557,14,42.21,-121.74,307.04,1.5
Filingué,0,NE,1596072557,44,14.35,3.32,304.82,6.02
Tessaoua,0,NE,1596072557,53,13.76,7.99,302.77,7.37
Durant,1,US,1596072557,52,33.99,-96.37,305.15,3.6
Banda Aceh,100,ID,1596072557,73,5.56,95.32,300.36,3.36
Trenggalek,17,ID,1596072557,64,-8.05,111.72,296.33,1.58
Nizwá,100,OM,1596072557,46,22.93,57.53,305.43,0.98
Tual,100,ID,1596072558,83,-5.67,132.75,299.34,10.03
Riverton,1,US,1596072517,22,40.52,-111.94,305.37,3.6
Gander,90,CA,1596072558,87,48.97,-54.59,286.15,3.6
Hokitika,100,NZ,1596072560,68,-42.72,170.97,286.86,1.99
Marsala,0,IT,1596072560,64,37.8,12.44,302.59,2.6
Port-Gentil,10,GA,1596072560,81,-0.72,8.78,296.61,5.22
Ryōtsu-minato,75,JP,1596072560,94,38.08,138.43,297.15,1.0
North Bend,1,US,1596072562,77,43.41,-124.22,299.82,6.7
Ugoofaaru,100,MV,1596072562,80,5.67,73.0,301.08,8.08
Northam,92,GB,1596072562,90,51.03,-4.22,286.48,3.13
Anadyr,90,RU,1596072562,87,64.75,177.48,286.15,2.0
Staroye Drozhzhanoye,1,RU,1596072565,66,54.73,47.57,290.21,4.18
Mergen,23,CN,1596072565,48,49.18,125.22,301.59,3.01
Sinnamary,100,GF,1596072565,83,5.38,-52.95,299.02,4.24
Sogod,86,PH,1596072553,65,10.38,124.98,303.51,2.68
Aykhal,100,RU,1596072565,62,66.0,111.5,288.15,2.0
Camabatela,0,AO,1596072565,88,-8.19,15.38,285.87,0.77
Santa Rita,90,BR,1596072566,100,-7.11,-34.98,295.15,4.6
Dunedin,100,NZ,1596072275,70,-45.87,170.5,283.71,2.68
Klaksvík,99,FO,1596072287,93,62.23,-6.59,280.15,6.7
Goderich,0,CA,1596072567,78,43.75,-81.72,297.59,1.23
Tsimmerbude,40,RU,1596072569,82,54.67,20.13,287.15,3.0
Chokurdakh,58,RU,1596072524,54,70.63,147.92,283.0,3.94
Sørland,66,NO,1596072537,78,67.67,12.69,288.51,3.84
Alexandria,40,EG,1596072411,78,31.22,29.96,299.15,3.1
Nador,75,MA,1596072569,88,35.17,-2.93,299.15,3.6
Huarmey,2,PE,1596072570,85,-10.07,-78.15,288.39,2.95
Pajapan,12,MX,1596072570,87,18.25,-94.7,298.96,3.09
Kloulklubed,90,PW,1596072528,79,7.04,134.26,302.15,2.6
Aswān,4,EG,1596072570,23,24.09,32.91,306.84,3.27
Egvekinot,100,RU,1596072571,94,66.32,-179.17,282.11,0.88
General Roca,100,AR,1596072572,86,-39.03,-67.58,276.15,1.0
Bowen,0,AU,1596072572,52,-20.02,148.23,296.48,3.6
Rio Piracicaba,41,BR,1596072572,79,-19.93,-43.17,290.69,0.59
Bahía de Caráquez,75,EC,1596072572,78,-0.6,-80.42,296.15,4.6
Dzhebariki-Khaya,0,RU,1596072572,35,62.22,135.8,292.56,4.21
Westport,1,US,1596072423,78,41.14,-73.36,300.15,2.1
Guiren,47,CN,1596072572,88,33.67,118.19,299.93,4.89
Kawalu,4,ID,1596072572,77,-7.38,108.21,294.83,0.79
Gao,0,ML,1596072572,43,16.64,1.64,304.8,5.38
Wajir,0,KE,1596072572,78,1.75,40.06,295.66,4.58
Sioux Lookout,40,CA,1596072572,64,50.1,-91.92,294.15,2.6
Oktyabr'skoye,76,RU,1596072572,93,43.06,44.74,292.15,0.75
Vestmannaeyjar,5,IS,1596072528,88,63.44,-20.27,284.11,2.59
Roald,37,NO,1596072573,82,62.58,6.13,287.15,3.1
Joshīmath,98,IN,1596072573,58,30.57,79.57,292.12,0.3
Taltal,100,CL,1596072573,75,-25.4,-70.48,286.41,0.64
Lensk,99,RU,1596072573,62,60.73,114.93,290.39,4.7
Jinchang,0,CN,1596072573,34,38.5,102.17,297.48,1.96
Sur,100,OM,1596072527,56,22.57,59.53,306.11,1.74
Leer,9,SS,1596072573,95,8.3,30.14,294.2,1.31
Strezhevoy,33,RU,1596072573,93,60.73,77.59,284.15,1.46
Lawton,1,US,1596072574,62,34.61,-98.39,304.15,5.7
Mongaguá,90,BR,1596072575,93,-24.09,-46.62,290.93,4.6
Manbij,0,SY,1596072575,47,36.53,37.95,300.15,2.6
Port Moresby,40,PG,1596072575,74,-9.44,147.18,302.15,5.1
Lata,0,PT,1596072317,82,40.16,-8.33,293.15,0.68
Somerset East,0,ZA,1596072575,51,-32.72,25.59,282.1,2.76
Myitkyina,100,MM,1596072575,95,25.38,97.4,297.23,0.28
Kachīry,0,KZ,1596072575,68,53.07,76.1,285.71,3.74
Kantilo,40,IN,1596072575,88,20.35,85.18,301.15,0.77
Anori,0,BR,1596072576,57,-3.77,-61.64,297.94,0.91
Ondjiva,0,AO,1596072577,41,-17.07,15.73,284.98,2.98
Hohhot,100,CN,1596072577,73,40.81,111.65,298.15,3.0
Hondomachi-hondo,40,JP,1596072577,74,32.45,130.2,303.15,2.6
Port Macquarie,33,AU,1596072578,64,-31.43,152.92,291.48,2.24
Pivka,5,SI,1596072578,65,45.68,14.2,300.15,1.61
San Onofre,99,CO,1596072579,86,9.74,-75.53,299.64,2.58
Linping,100,CN,1596072580,62,30.42,120.3,305.15,3.0
Todos Santos,94,MX,1596072580,79,23.45,-110.22,298.15,0.89
Chinhoyi,0,ZW,1596072580,69,-17.37,30.2,283.65,1.25
Urucará,27,BR,1596072580,50,-2.54,-57.76,298.25,0.94
Itoman,75,JP,1596072580,74,26.12,127.67,304.15,7.2
Mossamedes,0,AO,1596072580,83,-15.2,12.15,289.75,3.16
Porto-Novo,0,BJ,1596072580,83,6.5,2.6,296.85,3.21
Liverpool,99,GB,1596072461,82,53.41,-2.98,288.15,2.1
Tura,100,IN,1596072580,98,25.52,90.22,296.33,2.59
‘Ewa Beach,20,US,1596072380,43,21.32,-158.01,304.15,3.1
Agbor,21,NG,1596072580,97,6.25,6.19,294.41,1.8
Giaveno,0,IT,1596072581,83,45.05,7.35,297.04,2.83
Bama,99,NG,1596072581,75,11.52,13.69,298.45,7.1
Verkhniy Landekh,80,RU,1596072581,96,56.84,42.6,290.34,2.15
Asău,0,RO,1596072581,89,46.43,26.4,290.37,1.36
Novosheshminsk,54,RU,1596072581,75,55.07,51.23,289.29,3.48
Movileni,0,RO,1596072581,78,44.37,24.65,295.37,1.5
Horlivka,0,UA,1596072581,48,48.35,38.05,293.48,0.49
Cariamanga,1,EC,1596072581,92,-4.33,-79.55,285.3,0.9
Ukrayinka,17,UA,1596072581,82,47.92,35.35,293.15,0.83
Nakamura,0,JP,1596072581,55,32.98,132.93,305.86,0.25
Oruzgan,0,AF,1596072582,26,32.83,66.0,292.46,3.52
Betzdorf,0,DE,1596072582,85,50.78,7.88,282.59,0.89
Te Anau,100,NZ,1596072582,79,-45.42,167.72,284.89,1.6
Aklavik,75,CA,1596072582,71,68.22,-135.01,287.15,2.1
Pochutla,100,MX,1596072582,93,15.74,-96.47,298.15,0.67
Raja,64,SS,1596072583,95,8.46,25.68,291.82,2.13
San Isidro,90,PE,1596072583,77,-12.12,-77.05,289.15,3.6
Fria,100,GN,1596072583,100,10.42,-13.58,295.04,1.61
Caborca,100,MX,1596072583,83,30.58,-111.1,297.04,0.89
Mount Isa,0,AU,1596072302,28,-20.73,139.5,295.15,6.7
Yatou,0,CN,1596072584,74,37.15,122.38,298.7,2.64
Agirish,100,RU,1596072584,94,61.92,63.02,282.93,2.31
Sarakhs,0,IR,1596072584,36,36.54,61.16,297.15,1.0
Boffa,100,GN,1596072585,91,10.17,-14.03,297.19,3.61
Nome,90,US,1596072585,81,64.5,-165.41,284.15,5.1
Moranbah,0,AU,1596072585,45,-22.0,148.05,292.98,7.3
Half Moon Bay,90,US,1596072447,93,37.46,-122.43,298.15,4.6
Srednekolymsk,100,RU,1596072585,58,67.45,153.68,284.24,6.62
Itarema,0,BR,1596072587,81,-2.92,-39.92,298.6,5.68
Matagami,1,CA,1596072587,93,49.75,-77.63,290.15,2.29
Mandera,0,KE,1596072589,69,3.94,41.87,298.48,5.8
Ajdabiya,0,LY,1596072589,48,30.76,20.23,297.15,3.92
Fortuna,2,US,1596072589,79,40.6,-124.16,289.82,0.89
Nsoko,0,SZ,1596072307,72,-27.03,31.95,286.33,0.35
Mangaratiba,75,BR,1596072589,83,-22.96,-44.04,294.15,2.6
Fairbanks,1,US,1596072397,56,64.84,-147.72,293.15,2.6
Antofagasta,93,CL,1596072589,76,-23.65,-70.4,285.15,3.1
Hirado,40,JP,1596072589,74,33.36,129.55,303.15,2.6
Campo Maior,100,BR,1596072589,42,-4.83,-42.17,301.93,1.04
Xucheng,40,CN,1596072590,94,20.35,110.13,301.15,3.0
Prymors'k,0,UA,1596072590,63,46.73,36.34,295.73,2.76
Guerrero Negro,0,MX,1596072590,69,27.98,-114.06,296.13,7.14
Berdigestyakh,7,RU,1596072590,55,62.1,126.7,293.13,1.59
Middelkerke,100,BE,1596072590,93,51.16,2.84,285.15,1.0
Nabire,6,ID,1596072590,62,-3.37,135.48,303.2,0.67
Prieska,0,ZA,1596072590,51,-29.66,22.75,281.94,0.96
Panshi,0,CN,1596072591,69,42.94,126.06,298.29,2.85
Santa Rosa,100,PH,1596072592,83,14.31,121.11,301.48,1.0
Jutaí,71,BR,1596072592,87,-5.18,-68.9,297.21,0.26
Santa Cruz de la Sierra,75,BO,1596072361,25,-17.8,-63.17,292.15,5.1
Uyovu,47,TZ,1596072592,59,-3.28,31.53,290.93,2.0
Staryy Nadym,100,RU,1596072592,84,65.61,72.68,284.78,1.61
Kupang,20,ID,1596072303,48,-10.17,123.58,301.15,8.7
Ojo Caliente,90,MX,1596072592,77,22.57,-102.25,292.15,1.5
Micheweni,42,TZ,1596072594,82,-4.97,39.83,298.01,5.35
Santa Cruz de Barahona,27,DO,1596072595,70,18.21,-71.1,302.2,0.3
Cao Bang,16,VN,1596072595,78,22.67,106.25,301.27,0.52
Nueva Rosita,1,MX,1596072595,50,27.95,-101.22,304.15,6.83
Gimbi,100,ET,1596072596,100,9.17,35.83,286.65,0.64
Tarbagatay,75,RU,1596072596,77,51.48,107.36,293.15,4.0
Ranfurly,100,NZ,1596072598,80,-45.13,170.1,284.82,2.58
Xiongyue,3,CN,1596072598,71,40.18,122.12,300.1,5.58
Ucluelet,20,CA,1596072519,68,48.93,-125.55,292.59,4.6
Castlegar,0,CA,1596072599,27,49.3,-117.67,305.37,1.57
Cockburn Town,23,TC,1596072599,80,21.46,-71.14,301.59,11.02
Coahuayana Viejo,100,MX,1596072599,78,18.73,-103.68,300.36,0.12
Potiskum,82,NG,1596072600,77,11.71,11.07,298.39,6.28
Rusape,0,ZW,1596072600,80,-18.53,32.13,282.09,0.51
Bubaque,100,GW,1596072600,89,11.28,-15.83,298.47,7.54
Rantoul,1,US,1596072601,88,40.31,-88.16,300.37,1.67
Darnah,0,LY,1596072601,78,32.77,22.64,298.5,7.6
Salalah,75,OM,1596072304,100,17.02,54.09,300.15,3.1
Kindu,0,CD,1596072601,47,-2.95,25.95,293.45,0.53
Askarovo,52,RU,1596072602,77,53.34,58.51,288.15,2.0
Seoul,20,KR,1596072376,83,37.57,126.98,300.15,3.12
Ayagoz,0,KZ,1596072602,52,47.97,80.44,291.31,3.91
Birao,82,CF,1596072603,95,10.28,22.79,293.33,1.53
Isangel,40,VU,1596072276,65,-19.55,169.27,300.15,4.1
Cervo,19,ES,1596072610,95,43.67,-7.41,289.82,3.58
Tamandaré,10,BR,1596072610,75,-8.76,-35.1,296.72,5.34
Gladstone,0,AU,1596072612,37,-23.85,151.25,295.15,4.6
Cairns,0,AU,1596072388,41,-16.92,145.77,298.15,8.2
Gweru,0,ZW,1596072614,74,-19.45,29.82,282.04,2.53
Dvinskoy Bereznik,100,RU,1596072620,95,62.86,42.71,287.22,2.15
Panguna,100,PG,1596072620,84,-6.32,155.48,298.81,1.03
Katsuura,75,JP,1596072621,88,35.13,140.3,297.04,3.6
Porangatu,0,BR,1596072621,39,-13.44,-49.15,294.25,1.11
Ariguaní,12,CO,1596072621,86,10.25,-74.0,300.37,1.91
Atar,0,MR,1596072621,41,20.52,-13.05,301.72,3.93
Abu Dhabi,47,AE,1596072621,75,24.47,54.37,306.15,1.5
Tezu,100,IN,1596072622,87,27.92,96.17,297.1,0.24
Gouyave,20,GD,1596072622,83,12.16,-61.73,301.15,7.2
Bolitoc,100,PH,1596072622,90,15.74,119.88,298.42,3.86
Jalu,0,LY,1596072622,44,29.03,21.55,298.17,2.24
Durango,100,MX,1596072337,73,24.83,-104.83,293.61,4.81
Isla Mujeres,75,MX,1596072624,79,21.23,-86.73,302.15,5.22
Luwingu,0,ZM,1596072624,86,-10.26,29.93,283.61,1.61
Camacha,75,PT,1596072541,68,33.08,-16.33,294.15,4.1
Orgovány,2,HU,1596072624,78,46.75,19.47,295.93,2.0
Vila Franca do Campo,75,PT,1596072624,94,37.72,-25.43,295.15,4.6
Mitchell,1,US,1596072625,61,43.71,-98.03,300.15,6.2
Pesaro,0,IT,1596072625,82,43.9,12.89,297.59,0.89
Vredendal,0,ZA,1596072625,86,-31.67,18.5,282.59,1.37
Oxelösund,75,SE,1596072625,93,58.67,17.1,287.15,8.2
Nara,75,JP,1596072625,74,34.69,135.8,302.15,3.6
Kurumkan,98,RU,1596072629,70,54.3,110.3,295.8,1.34
Tambura,86,SS,1596072629,96,5.6,27.47,292.36,0.95
Mingshui,0,CN,1596072630,60,36.72,117.5,304.26,2.9
Nagato,20,JP,1596072630,88,34.38,131.2,301.15,2.1
Semkhoz,75,RU,1596072631,88,56.28,38.07,290.15,4.0
Pangkalanbuun,80,ID,1596072621,64,-2.68,111.62,301.52,2.14
Horn Lake,75,US,1596072631,83,34.96,-90.03,300.93,4.1
Bandarbeyla,0,SO,1596072632,72,9.49,50.81,299.05,11.11
Clyde,82,US,1596072632,87,41.3,-82.98,298.71,2.8
Oodweyne,4,SO,1596072632,65,9.41,45.06,294.54,5.57
Kerema,96,PG,1596072633,86,-7.96,145.78,299.09,6.06
Mount Gambier,90,AU,1596072633,100,-37.83,140.77,281.15,2.04
Japura,75,ID,1596072548,78,-0.32,102.35,298.99,0.92
Maţāy,0,EG,1596072633,61,28.42,30.78,298.77,6.24
Carahue,100,CL,1596072634,100,-38.7,-73.17,275.15,1.5
Vanimo,59,PG,1596072640,63,-2.67,141.3,303.3,3.0
Najrān,40,SA,1596072641,61,17.49,44.13,298.15,4.1
Horadiz,13,AZ,1596072641,73,39.45,47.34,296.15,6.2
The Pas,1,CA,1596072641,53,53.83,-101.25,298.15,4.1
Salisbury,90,GB,1596072641,87,51.07,-1.8,287.04,1.5
Steinbach am Taunus,3,DE,1596072641,62,50.17,8.57,294.26,3.1
Peterongan,6,ID,1596072641,54,-7.54,112.28,300.09,3.21
Magadan,74,RU,1596072642,40,59.57,150.8,290.27,7.19
Matale,56,LK,1596072642,85,7.47,80.62,296.31,2.91
Phuket,75,TH,1596072447,94,8.0,98.25,303.15,1.0
